{"_runtime":4.5216336,"_step":0,"_wandb":{"runtime":5},"cv_accuracy":0.9666666666666668,"_timestamp":1.7502559281321862e+09}